{"cameraMode":{"drawMode":0,"name":"Shaded","section":"Shading Mode"},"sceneLighting":true,"audioPlay":false,"sceneViewState":{"m_AlwaysRefresh":false,"showFog":true,"showSkybox":true,"showFlares":true,"showImageEffects":true,"showParticleSystems":true,"showVisualEffectGraphs":true,"m_FxEnabled":true},"in2DMode":false,"pivot":{"x":-9.912569046020508,"y":5.688156604766846,"z":-8.406726837158204},"rotation":{"x":-0.0005121971480548382,"y":-0.9994942545890808,"z":-0.026683416217565538,"w":0.018597235903143884},"size":16.40233612060547,"orthographic":false}