{"cameraMode":{"drawMode":0,"name":"Shaded","section":"Shading Mode"},"sceneLighting":true,"audioPlay":false,"sceneViewState":{"m_AlwaysRefresh":false,"showFog":true,"showSkybox":true,"showFlares":true,"showImageEffects":false,"showParticleSystems":true,"showVisualEffectGraphs":true,"m_FxEnabled":true},"in2DMode":false,"pivot":{"x":4.162078857421875,"y":2.1861491203308107,"z":5.404422760009766},"rotation":{"x":0.3098083734512329,"y":-0.011708082631230355,"z":0.003818903351202607,"w":0.9507747888565064},"size":1.8949873447418213,"orthographic":false}