{"cameraMode":{"drawMode":0,"name":"Shaded","section":"Shading Mode"},"sceneLighting":true,"audioPlay":false,"sceneViewState":{"m_AlwaysRefresh":false,"showFog":true,"showSkybox":true,"showFlares":true,"showImageEffects":false,"showParticleSystems":true,"showVisualEffectGraphs":true,"m_FxEnabled":true},"in2DMode":false,"pivot":{"x":-9.873251914978028,"y":1.1785366535186768,"z":-2.2842602729797365},"rotation":{"x":0.1790170520544052,"y":-0.015067226253449917,"z":0.0027433186769485475,"w":0.9837821125984192},"size":1.8949873447418213,"orthographic":false}