{"cameraMode":{"drawMode":0,"name":"Shaded","section":"Shading Mode"},"sceneLighting":true,"audioPlay":false,"sceneViewState":{"m_AlwaysRefresh":false,"showFog":true,"showSkybox":true,"showFlares":true,"showImageEffects":true,"showParticleSystems":true,"showVisualEffectGraphs":true,"m_FxEnabled":true},"in2DMode":false,"pivot":{"x":2.756276845932007,"y":4.06961727142334,"z":-11.251473426818848},"rotation":{"x":-0.12269371002912522,"y":-0.0012000707210972906,"z":0.00010344176553189754,"w":-0.9924725890159607},"size":0.8660253882408142,"orthographic":false}