{"cameraMode":{"drawMode":0,"name":"Shaded","section":"Shading Mode"},"sceneLighting":true,"audioPlay":false,"sceneViewState":{"m_AlwaysRefresh":false,"showFog":true,"showSkybox":true,"showFlares":true,"showImageEffects":true,"showParticleSystems":true,"showVisualEffectGraphs":true,"m_FxEnabled":true},"in2DMode":false,"pivot":{"x":-0.6889951825141907,"y":-15.799869537353516,"z":32.04367446899414},"rotation":{"x":0.2511012554168701,"y":-0.0011505767470225692,"z":0.00031059348839335144,"w":0.9679923057556152},"size":21.33670997619629,"orthographic":false}